{"cameraMode":{"drawMode":0,"name":"Shaded","section":"Shading Mode"},"sceneLighting":false,"audioPlay":false,"sceneViewState":{"showFog":true,"showMaterialUpdate":false,"showSkybox":false,"showFlares":true,"showImageEffects":true,"showParticleSystems":true},"in2DMode":false,"pivot":{"x":-1.246910810470581,"y":2.8459529876708986,"z":-0.739213228225708},"rotation":{"x":0.2315668910741806,"y":0.7460067272186279,"z":-0.3235161602497101,"w":0.5340596437454224},"size":2.3142142295837404,"orthographic":false}