{"cameraMode":{"drawMode":0,"name":"Shaded","section":"Shading Mode"},"sceneLighting":false,"audioPlay":false,"sceneViewState":{"showFog":true,"showMaterialUpdate":false,"showSkybox":false,"showFlares":true,"showImageEffects":true,"showParticleSystems":true},"in2DMode":false,"pivot":{"x":0.14977575838565827,"y":1.7761585712432862,"z":2.299591302871704},"rotation":{"x":0.005737629719078541,"y":-0.9397279620170593,"z":0.3415403366088867,"w":0.015786344185471536},"size":1.3848257064819337,"orthographic":false}